AO-ID_ID-OA,DFRP-property-nbr_No-bien-RBIF,Property-name_Nom-du-bien_eng,Property-name_Nom-du-bien_fra,DFRP-structure-nbr_No-structure-RBIF,Structure-name_Nom-du-structure_eng,Structure-name_Nom-du-structure_fra,Interest-type_Type-de-propriete_eng,Interest-type_Type-de-propriete_fra,Year-built_Annee-de-construction,Heritage-code_Code-du-patrimoine,Heritage-designation_Designation-patrimoniale_eng,Heritage-designation_Designation-patrimoniale_fra,Region_eng,Region_fra,Structure-address_Adresse-du-structure_eng,Structure-address_Adresse-du-structure_fra,City_Ville,Province-code_Code-de-province,Province-territory_Province-territoire_eng,Province-territory_Province-territoire_fra,Postal-code_Code-postal,Assessment-fscl-yr_Ex-evaluation,Compliance-standard-applied_Norme-de-conformite-appliquee,Accessibility-score_Score-accessibilite
P200013-101-20000327,03710,"GC Site - Sydney Campus","Site GC - Campus de Sydney",003710,"GC Building - Sydney","Édifice GC - Sydney",Crown-owned,"Propriété de l'État",1962,500,"Not designated","Non désigné",ATL,ATL,"49 Dorchester Street","49, rue Dorchester",Sydney,NS,"Nova Scotia",Nouvelle-Écosse,"B1P 5Z2",2020-2021,B651-18,68
P200015-101-20000331,03711,"GC Site - Sydney","Site GC - Sydney",003711,"GC Building - Sydney Manpower","Édifice GC - Édifice de la Main-d'oeuvre de Sydney",Crown-owned,"Propriété de l'État",1957,500,"Not designated","Non désigné",ATL,ATL,"308 George Street","308, rue George",Sydney,NS,"Nova Scotia",Nouvelle-Écosse,"B1P 1J8",2020-2021,B651-18,69
P200018-101-20000336,03710,"GC Site - Sydney Campus","Site GC - Campus de Sydney",103056,"GC Building - Sydney Arts Building","Édifice GC - Édifice des Arts de Sydney",Crown-owned,"Propriété de l'État",1959,100,"Not applicable","N'est pas applicable",ATL,ATL,"196 George Street","196, rue George",Sydney,NS,"Nova Scotia",Nouvelle-Écosse,"B1P 1J3",2023-2024,B651-18,79
P200019-101-20000337,03710,"GC Site - Sydney Campus","Site GC - Campus de Sydney",103057,"GC Building - Sydney Science Building","Édifice GC - Édifice des Sciences de Sydney",Crown-owned,"Propriété de l'État",1966,300,Recognized,Reconnu,ATL,ATL,"210 George Street","210, rue George",Sydney,NS,"Nova Scotia",Nouvelle-Écosse,"B1P 1J3",2020-2021,B651-18,77
P200021-101-20000340,03207,"Enos Collins Site","Site Enos-Collins",003207,"Enos Collins Building","Édifice Enos-Collins",Crown-owned,"Propriété de l'État",1975,400,Pending,"En attente",ATL,ATL,"38-40 Havelock Street","38-40, rue Havelock",Amherst,NS,"Nova Scotia",Nouvelle-Écosse,"B4H 4C3",2019-2020,B651-18,80
P200027-101-20000353,18665,"GC Site - Yarmouth","Site GC - Yarmouth",018665,"Post Office Yarmouth","Bureau de poste Yarmouth",Crown-owned,"Propriété de l'État",1954,100,"Not applicable","N'est pas applicable",ATL,ATL,"15 Willow Street","15, rue Willow",Yarmouth,NS,"Nova Scotia",Nouvelle-Écosse,"B5A 1T0",2023-2024,B651-18,65
P200030-101-20000358,00373,"GC Site - Pleasantville","Site GC - Pleasantville",000373,"GC Building - Pleasantville - Building 223","Édifice GC - Pleasantville - Édifice 223",Crown-owned,"Propriété de l'État",1956,300,Recognized,Reconnu,ATL,ATL,"99 Churchill Avenue","99, avenue Churchill","St. John's",NL,"Newfoundland and Labrador",Terre-Neuve-et-Labrador,"A1A 1N3",2019-2020,B651-18,74
P200044-101-20000372,22403,"GC Site - St. John's","Site GC - St. John's",022403,"GC Building - Tax Centre","Édifice GC - Centre fiscal",Crown-owned,"Propriété de l'État",1980,100,"Not applicable","N'est pas applicable",ATL,ATL,"290 Empire Avenue","290, avenue Empire","St. John's",NL,"Newfoundland and Labrador",Terre-Neuve-et-Labrador,"A1C 6L9",2023-2024,B651-18,71
P200052-101-20000382,00371,"Sir Humphrey Gilbert Site","Site Sir Humphrey Gilbert",000371,"Sir Humphrey Gilbert Building","Édifice Sir Humphrey Gilbert",Crown-owned,"Propriété de l'État",1959,400,Pending,"En attente",ATL,ATL,"165 Duckworth Street","165, rue Duckworth","St. John's",NL,"Newfoundland and Labrador",Terre-Neuve-et-Labrador,"A1C 1G4",2019-2020,B651-18,75
P200102-101-20000441,04761,"GC Site - Grand Falls","Site GC - Grand-Sault",004761,"GC Building - Grand Falls","Édifice GC - Grand-Sault",Crown-owned,"Propriété de l'État",1959,100,"Not applicable","N'est pas applicable",ATL,ATL,"373-377 Broadway Boulevard","373-377, boulevard Broadway","Grand Falls",NB,"New Brunswick",Nouveau-Brunswick,"E3Z 2K3",2023-2024,B651-18,66
P200108-101-20000453,03892,"GC Site - Saint John","Site GC - Saint John",003892,"GC Building - Postal Station 'A' and Annex","Édifice GC - Succursale postale 'A' et Annexe",Crown-owned,"Propriété de l'État",1915,300,Recognized,Reconnu,ATL,ATL,"126 Prince William Street","126, rue Prince William","Saint John",NB,"New Brunswick",Nouveau-Brunswick,"E2L 2B6",2021-2022,B651-18,73
P200111-101-20000458,04075,"GC Site - St. Stephen","Site GC - St. Stephen",004075,"GC Building - St. Stephen","Édifice GC - St. Stephen",Crown-owned,"Propriété de l'État",1952,500,"Not designated","Non désigné",ATL,ATL,"93 Milltown Boulevard","93, boulevard Milltown","St. Stephen",NB,"New Brunswick",Nouveau-Brunswick,"E3L 1G5",2022-2023,B651-18,67
P200119-101-20000469,04560,"GC Site - Miramichi","Site GC - Miramichi",004560,"GC Building - Miramichi","Édifice GC - Miramichi",Crown-owned,"Propriété de l'État",1957,100,"Not applicable","N'est pas applicable",ATL,ATL,"171 Duke Street","171, rue Duke",Miramichi,NB,"New Brunswick",Nouveau-Brunswick,"E1N 1H9",2023-2024,B651-18,72
P200122-101-20000474,04934,"GC Site - Caraquet","Site GC - Caraquet",004934,"GC Building - Caraquet","Édifice GC - Caraquet",Crown-owned,"Propriété de l'État",1974,400,Pending,"En attente",ATL,ATL,"50 St. Pierre Boulevard West","50, boulevard St. Pierre Ouest",Caraquet,NB,"New Brunswick",Nouveau-Brunswick,"E1W 1B6",2021-2022,B651-18,73
P200123-101-20000476,04378,"Dominion Public Site","Site Dominion Public",004378,"Dominion Public Building","Édifice public Dominion",Crown-owned,"Propriété de l'État",1936,300,Recognized,Reconnu,ATL,ATL,"1045 Main Street","1045, rue Main",Moncton,NB,"New Brunswick",Nouveau-Brunswick,"E1C 1H2",2020-2021,B651-18,73
P200144-101-20000500,04881,"Nicholas Denys Site","Site Nicholas Denys",004881,"Nicholas Denys Building","Édifice Nicholas Denys",Crown-owned,"Propriété de l'État",1979,400,Pending,"En attente",ATL,ATL,"120 Harbourview Boulevard","120, boulevard Harbourview",Bathurst,NB,"New Brunswick",Nouveau-Brunswick,"E2A 5B9",2019-2020,B651-18,69
P200145-101-20000502,22404,"GC Pension Centre Site","Site Centre des pensions du GC",022404,"GC Pension Centre Building","Centre des pensions du GC",Crown-owned,"Propriété de l'État",1982,400,Pending,"En attente",ATL,ATL,"10 Weldon Street","10, rue Weldon",Shediac,NB,"New Brunswick",Nouveau-Brunswick,"E4P 2X7",2019-2020,B651-18,78
P200146-101-20000505,34618,"GC Site - Moncton","Site GC - Moncton",034618,"GC Building - 310 Baig Boulevard","Édifice GC - 310, boulevard Baig",Crown-owned,"Propriété de l'État",1975,400,Pending,"En attente",ATL,ATL,"310 Baig Boulevard","310, boulevard Baig",Moncton,NB,"New Brunswick",Nouveau-Brunswick,"E1E 1C8",2020-2021,B651-18,76
P200153-101-20000522,22039,"Daniel J. MacDonald Site","Site Daniel-J.-MacDonald",022039,"Daniel J MacDonald Building","Édifice Daniel-J.-MacDonald",Crown-owned,"Propriété de l'État",1984,400,Pending,"En attente",ATL,ATL,"161 Grafton Street","161, rue Grafton",Charlottetown,PE,"Prince Edward Island",Île-du-Prince-Édouard,"C1A 1L1",2019-2020,B651-18,68
P200163-101-20000535,00360,"GC Site - Mount Pearl","Site GC - Mount Pearl",000360,"GC Building - Mount Pearl","Édifice GC - Mount Pearl",Crown-owned,"Propriété de l'État",1965,500,"Not designated","Non désigné",ATL,ATL,"6 Bruce Street","6, rue Bruce","Mount Pearl",NL,"Newfoundland and Labrador",Terre-Neuve-et-Labrador,"A1N 4T3",2020-2021,B651-18,76
P200165-101-20000539,55814,"GC Site - Shippagan","Site GC - Shippagan",055814,"GC Building - Shippagan","Édifice GC - Shippagan",Crown-owned,"Propriété de l'État",1990-1999,400,Pending,"En attente",ATL,ATL,"196 Gauthier Boulevard","196, boulevard Gauthier",Shippagan,NB,"New Brunswick",Nouveau-Brunswick,"E8S 1P2",2022-2023,B651-18,48
P200169-101-20000544,55710,"Joseph R. Smallwood Site","Site Joseph R. Smallwood",055710,"Joseph R. Smallwood Building","Édifice Joseph R. Smallwood",Crown-owned,"Propriété de l'État",1994,400,Pending,"En attente",ATL,ATL,"1 Regent Square","1, Regent Square","Corner Brook",NL,"Newfoundland and Labrador",Terre-Neuve-et-Labrador,"A2H 7K6",2021-2022,B651-18,89
P200170-101-20000546,55746,"Joseph A. Ghiz Site","Site Joseph- A.-Ghiz",055746,"Joseph A. Ghiz Building","Édifice Joseph-A.-Ghiz",Crown-owned,"Propriété de l'État",1991,400,Pending,"En attente",ATL,ATL,"275 Pope Road","275, chemin Pope",Summerside,PE,"Prince Edward Island",Île-du-Prince-Édouard,"C1N 5C5",2019-2020,B651-18,64
P200174-101-20000553,55786,"The John Cabot Site","Site John Cabot",055786,"GC Building  John Cabot Building","Édifice GC - John Cabot",Crown-owned,"Propriété de l'État",1995,100,"Not applicable","N'est pas applicable",ATL,ATL,"10 Barters Hill","10, Barters Hill","St. John's",NL,"Newfoundland and Labrador",Terre-Neuve-et-Labrador,"A1C 6M1",2023-2024,B651-18,94
P200176-101-20000558,05804,"Gros Morne NP - Maintenance Centre","Gros-Morne PN - Centre d'entretien",055889,"GC Building  - Rocky Harbour","Édifice GC - Rocky Harbour",Crown-owned,"Propriété de l'État",1998,100,"Not applicable","N'est pas applicable",ATL,ATL,"31 Dot Drive","31, promenade Dot","Rocky Harbour",NL,"Newfoundland and Labrador",Terre-Neuve-et-Labrador,"A0K 4N0",2023-2024,B651-18,91
P200177-101-20000559,07199,"Jean Canfield Site","Site Jean-Canfield",007199,"Jean Canfield Building","Immeuble Jean-Canfield",Crown-owned,"Propriété de l'État",2007,400,Pending,"En attente",ATL,ATL,"191 University Avenue","191, avenue University",Charlottetown,PE,"Prince Edward Island",Île-du-Prince-Édouard,"C1A 4L2",2019-2020,B651-18,65
P200251-101-20000641,02059,"RCMP HQ 'L' Division Site","Site Quartier général de la GRC - Division L",002059,"RCMP HQ 'L' Division - Main Building","Édifice principal du quartier général de la Division L de la GRC",Crown-owned,"Propriété de l'État",1956,500,"Not designated","Non désigné",ATL,ATL,"450 University Avenue","450, avenue University",Charlottetown,PE,"Prince Edward Island",Île-du-Prince-Édouard,"C1A 4P1",2020-2021,B651-18,62
P200258-101-20000649,55870,"RCMP HQ 'B' Division Site","Site Quartier général de la GRC - Division B",105021,"RCMP HQ 'B' Division Building","Édifice principal du quartier général de la Division B de la GRC",Crown-owned,"Propriété de l'État",1994,400,Pending,"En attente",ATL,ATL,"100 East White Hills Road","100, rue East White Hills","St. John's",NL,"Newfoundland and Labrador",Terre-Neuve-et-Labrador,"A1A 3T5",2023-2024,B651-18,88
P200259-101-20000651,32944,"RCMP HQ 'J' Division Site","Site Quartier général de la GRC - Division J",032944,"RCMP HQ 'J' Division Building","Édifice principal du quartier général de la Division J de la GRC",Crown-owned,"Propriété de l'État",1988,400,Pending,"En attente",ATL,ATL,"1445 Regent Street","1445, rue Regent",Fredericton,NB,"New Brunswick",Nouveau-Brunswick,"E3C 2P9",2023-2024,B651-18,72
P200310-101-20000712,55870,"White Hills (Northwest Atlantic Fisheries Centre & RCMP HQ 'B' Division) Site","Site White Hills (Centre des pêches de l'Atlantique Nord-ouest et Quartier général de la Division B de la GRC)",105024,"Northwest Atlantic Fisheries Centre","Centre des pêches de l'Atlantique Nord-ouest",Crown-owned,"Propriété de l'État",1979,200,Classified,Classé,ATL,ATL,"80 East White Hills Road","80, chemin East White Hills","St. John's",NL,"Newfoundland and Labrador",Terre-Neuve-et-Labrador,"A1C 5X1",2019-2020,B651-18,71
P200315-101-20002085,06506,"GC Site -  RCMP H Division HQ - Dartmouth, NS","Site GC - Quartier général de la Division H de la GRC",006506,"RCMP HQ 'H' Division Building","Édifice principal du quartier général de la Division H de la GRC",Crown-owned,"Propriété de l'État",2013,100,"Not applicable","N'est pas applicable",ATL,ATL,"80 Garland Avenue","80, avenue Garland",Dartmouth,NS,"Nova Scotia",Nouvelle-Écosse,"B3B 0J8",2023-2024,B651-18,63
P200886-101-20001721,05669,"Marine House Site","Site Marine House",005669,"Marine House Building","Édifice Marine House",Crown-owned,"Propriété de l'État",1984,400,Pending,"En attente",ATL,ATL,"176 Portland Street","176, rue Portland",Dartmouth,NS,"Nova Scotia",Nouvelle-Écosse,"B2Y 1J3",2019-2020,B651-18,77
P201153-101-80000705,21680,"Miramichi Public Service Pay Centre Site","Site Centre des services de paye de la fonction publique de Miramichi",021680,"Miramichi Public Service Pay Centre","Centre des services de paye de la fonction publique de Miramichi","Lease purchase","Bail achat",2015,100,"Not applicable","N'est pas applicable",ATL,ATL,"2 Victoria Avenue","2, avenue Victoria",Miramichi,NB,"New Brunswick",Nouveau-Brunswick,"E1N 0E6",2021-2022,B651-18,86
P201392-101-20002476,15230,"Wentworth Court","Wentworth Court",151872,"Wentworth Court","court Wentworth",Crown-owned,"Propriété de l'État",1962,300,Recognized,Reconnu,ATL,ATL,"70 Crescent Street","70, rue Crescent",Sydney,NS,"Nova Scotia",Nouvelle-Écosse,"B1S 2Z7",2019-2020,B651-18,70
P201398-101-20002487,15188,"Speigel Site","Site Speigel",015188,"Speigel Building","Édifice Speigel",Crown-owned,"Propriété de l'État",2003,100,"Not applicable","N'est pas applicable",ATL,ATL,"3050 Wilson Avenue","3050, avenue Wilson",Sydney,NS,"Nova Scotia",Nouvelle-Écosse,"B1H 5V8",2023-2024,B651-18,86
P300033-101-30000348,73878,"Guy-Favreau Complex Site","Site Complexe Guy-Favreau",073878,"Guy-Favreau Complex - Basilaire","Complexe Guy-Favreau - Basilaire",Crown-owned,"Propriété de l'État",1983,400,Pending,"En attente",QC,QC,"200 René-Lévesque Boulevard West","200, boulevard René-Lévesque Ouest",Montréal,QC,Quebec,Québec,"H2Z 1X4",2020-2021,B651-18,70
P300033-101-30002204,73878,"Guy-Favreau Complex Site","Site Complexe Guy-Favreau",021979,"Guy-Favreau Complex (East Tower)","Complexe Guy-Favreau (Tour Est)","Lease purchase","Bail achat",1983,100,"Not applicable","N'est pas applicable",QC,QC,"200 René-Lévesque Boulevard West","200, boulevard René-Lévesque Ouest",Montréal,QC,Quebec,Québec,"H2Z 1X4",2020-2021,B651-18,70
P300033-101-30002205,73878,"Guy-Favreau Complex Site","Site Complexe Guy-Favreau",104407,"Guy-Favreau Complex (West Tower)","Complexe Guy-Favreau (Tour Ouest)","Lease purchase","Bail achat",1983,100,"Not applicable","N'est pas applicable",QC,QC,"200 René-Lévesque Boulevard West","200, boulevard René-Lévesque Ouest",Montréal,QC,Quebec,Québec,"H2Z 1X4",2020-2021,B651-18,70
P300035-101-30000350,07099,"GC Site - Montreal","Site GC - Montréal",007099,"GC Building - Montreal","Édifice GC - Montréal",Crown-owned,"Propriété de l'État",1936,300,Recognized,Reconnu,QC,QC,"715 Peel Street","715, rue Peel",Montréal,QC,Quebec,Québec,"H3C 4H6",2023-2024,B651-18,54
P300047-101-30000367,75046,"New Custom House Site","Site Nouvel édifice de la douane",075046,"New Custom House","Nouvel Édifice de la douane",Crown-owned,"Propriété de l'État",1856,200,Classified,Classé,QC,QC,"130 Dalhousie Street","130, rue Dalhousie",Québec,QC,Quebec,Québec,"G1K 4C4",2019-2020,B651-18,53
P300049-101-30000369,05757,"Louis Saint-Laurent Site","Site Louis Saint-Laurent",005757,"Louis St-Laurent Building","Édifice Louis St-Laurent",Crown-owned,"Propriété de l'État",1871,200,Classified,Classé,QC,QC,"3 Du Chien-d'Or Passage","3, passage du Chien-d'Or",Québec,QC,Quebec,Québec,"G1R 3Z8",2020-2021,B651-18,52
P300051-101-30000374,08122,"Jos-Hébert Site","Site Jos-Hébert",008122,"Jos Hébert Building","Immeuble Jos-Hébert",Crown-owned,"Propriété de l'État",1973,100,"Not applicable","N'est pas applicable",QC,QC,"701 Laure Boulevard","701, boulevard Laure",Sept-Îles,QC,Quebec,Québec,"G4R 1X8",2022-2023,B651-18,63
P300052-101-30000377,07996,"Gilles Marceau Site","Site Gilles-Marceau",007996,"Gilles Marceau Building","Édifice Gilles-Marceau",Crown-owned,"Propriété de l'État",1979,500,"Not designated","Non désigné",QC,QC,"2251 René-Lévesque Boulevard","2251, boulevard René-Lévesque",Jonquière,QC,Quebec,Québec,"G7S 5J2",2023-2024,B651-18,58
P300055-101-30000382,05030,"GC Site - Cap-aux-Meules","Site GC - Cap-aux-Meules",005030,"GC Building - Cap-aux-Meules","Édifice GC - Cap-aux-Meules",Crown-owned,"Propriété de l'État",1953,500,"Not designated","Non désigné",QC,QC,"235 Principale Street","235, rue Principale",Cap-aux-Meules,QC,Quebec,Québec,"G0B 1B0",2022-2023,B651-18,62
P300056-101-30000384,22698,"Frédérica-Giroux Site","Site Frédérica-Giroux",022698,"Frédérica-Giroux Building","Immeuble Frédérica-Giroux",Crown-owned,"Propriété de l'État",1985,100,"Not applicable","N'est pas applicable",QC,QC,"98 De la Reine Street","98, rue de la Reine",Gaspé,QC,Quebec,Québec,"G4X 3B3",2022-2023,B651-18,74
P300057-101-30000386,05398,"René-Tremblay Site","Site René-Tremblay",005398,"René Tremblay Building","Immeuble René-Tremblay",Crown-owned,"Propriété de l'État",1976,100,"Not applicable","N'est pas applicable",QC,QC,"150 Dion Boulevard","150, boulevard Dion",Matane,QC,Quebec,Québec,"G4W 3L7",2019-2020,B651-18,50
P300058-101-30000388,29844,"GC Site - Chandler","Site GC - Chandler",029844,"GC Building - Chandler","Édifice GC- Chandler",Crown-owned,"Propriété de l'État",1983,100,"Not applicable","N'est pas applicable",QC,QC,"75 René-Lévesque Boulevard East","75, boulevard René-Lévesque Est",Chandler,QC,Quebec,Québec,"G0C 1K0",2022-2023,B651-18,69
P300059-101-30000390,05146,"GC Site - Gaspé","Site GC - Gaspé",005146,"GC Building - Gaspé","Édifice GC - Gaspé",Crown-owned,"Propriété de l'État",1950,500,"Not designated","Non désigné",QC,QC,"120 De la Reine Street","120, rue de la Reine",Gaspé,QC,Quebec,Québec,"G4X 2R2",2022-2023,B651-18,59
P300060-101-30000392,73949,"GC Site - Grande-Rivière","Site GC - Grande-Rivière",073949,"GC Building - Grande-Rivière","Édifice GC - Grande-Rivière",Crown-owned,"Propriété de l'État",1960,500,"Not designated","Non désigné",QC,QC,"84 Du Carrefour Street","84, rue Du Carrefour",Grande-Rivière,QC,Quebec,Québec,"G0C 1V0",2022-2023,B651-18,72
P300063-101-30000397,55376,"94-104-112 Dalhousie St Site","Site 94-104-112 rue Dalhousie",055376,"Louis-Pratt Building","Immeuble Louis Pratt",Crown-owned,"Propriété de l'État",1983,100,"Not applicable","N'est pas applicable",QC,QC,"104 Dalhousie Street","104, rue Dalhousie",Québec,QC,Quebec,Québec,"G1K 4B8",2020-2021,B651-18,50
P300070-101-30000405,43503,"GC Site - Chicoutimi","Site GC - Chicoutimi",043503,"GC Building - Chicoutimi","Édifice GC - Chicoutimi",Crown-owned,"Propriété de l'État",1986,100,"Not applicable","N'est pas applicable",QC,QC,"100 Lafontaine Street","100, rue Lafontaine",Chicoutimi,QC,Quebec,Québec,"G7M 6X2",2019-2020,B651-18,54
P300081-101-30000420,43171,"Jeanne Sauvé Site","Site Jeanne-Sauvé",043171,"Jeanne Sauvé Building","Édifice Jeanne-Sauvé",Crown-owned,"Propriété de l'État",1983,100,"Not applicable","N'est pas applicable",QC,QC,"1575 Chomedey Boulevard","1575, boulevard Chomedey",Laval,QC,Quebec,Québec,"H7V 2X2",2019-2020,B651-18,51
P300090-101-30000398,07100,"Dominique Ducharme Site","Site Dominique-Ducharme",007100,"GC Building - Dominique-Ducharme","Édifice GC - Dominique-Ducharme",Crown-owned,"Propriété de l'État",1916,200,Classified,Classé,QC,QC,"400 Place d'Youville","400, place d'Youville",Montréal,QC,Quebec,Québec,"H2Y 3N4",2023-2024,B651-18,53
P300090-101-30000431,07100,"Dominique Ducharme Site","Site Dominique-Ducharme",007100,"GC Building - Dominique-Ducharme","Édifice GC - Dominique-Ducharme",Crown-owned,"Propriété de l'État",1936,200,Classified,Classé,QC,QC,"105 McGill Street","105, rue McGill",Montréal,QC,Quebec,Québec,"H2Y 2E7",2023-2024,B651-18,53
P300107-101-30000452,07740,"Réal-Caouette Site","Site Réal-Caouette",007740,"Réal Caouette Building","Édifice Réal-Caouette",Crown-owned,"Propriété de l'État",1980,400,Pending,"En attente",QC,QC,"151 du Lac Avenue","151, avenue du Lac",Rouyn-Noranda,QC,Quebec,Québec,"J9X 4N6",2022-2023,B651-18,84
P300269-101-30000619,11997,"GC Site - Havre Saint-Pierre","Site GC - Havre Saint-Pierre",011997,"GC Building - Havre Saint-Pierre","Édifice GC - Havre Saint-Pierre",Crown-owned,"Propriété de l'État",2004,100,"Not applicable","N'est pas applicable",QC,QC,"1340 De la Digue Street","1340, rue de la Digue",Havre-Saint-Pierre,QC,Quebec,Québec,"G0G 1P0",2022-2023,B651-18,72
P300300-101-30000655,07048,"Normand Maurice Site","Site Normand-Maurice",007048,"Normand Maurice Building","Édifice Normand-Maurice",Crown-owned,"Propriété de l'État",2006,100,"Not applicable","N'est pas applicable",QC,QC,"740 Bel-Air Street","740, rue Bel-Air",Montréal,QC,Quebec,Québec,"H4C 2K3",2019-2020,B651-18,51
P301324-102-30002778,75038,"ICAO Headquarters Site","Site La Maison de l'OACI",075038,"ICAO Building","La Maison de l'OACI",Crown-owned,"Propriété de l'État",1996,100,"Not applicable","N'est pas applicable",QC,QC,"999 Robert-Bourassa Boulevard","999, boulevard Robert-Bourassa",Montréal,QC,Quebec,Québec,"H3B 5J9",2022-2023,B651-18,60
P301498-101-30002207,21151,"1550 d'Estimauville Avenue Site","Site 1550, avenue d'Estimauville",021151,"1550 d'Estimauville Avenue","1550, avenue d'Estimauville","Lease purchase","Bail achat",2011,100,"Not applicable","N'est pas applicable",QC,QC,"1550 d'Estimauville Avenue","1550, avenue d'Estimauville",Québec,QC,Quebec,Québec,"G1J 5E9",2021-2022,B651-18,79
P301501-101-30002215,18710,"GC Site - Sherbrooke","Site GC - Sherbrooke",018710,"Post Office Sherbrooke","Bureau de poste Sherbrooke",Crown-owned,"Propriété de l'État",1953,200,Classified,Classé,QC,QC,"50 Place de la Cité","50, place de la Cité",Sherbrooke,QC,Quebec,Québec,"J1H 4G9",2023-2024,B651-18,63
P301513-101-30002246,05769,"GC Site - Gare du Palais","Site GC - Gare du Palais",005769,"GC Building - Gare du Palais","Édifice GC - Gare du Palais",Crown-owned,"Propriété de l'État",1938,200,Classified,Classé,QC,QC,"330 de la Gare du Palais Street","330, rue de la Gare du Palais",Québec,QC,Quebec,Québec,"G1K 3X2",2023-2024,B651-18,58
P301624-101-30002388,05749,"The Citadel of Quebec","La Citadelle du Québec",005767,"Governor General’s Residence","Résidence du Gouverneur genéral",Crown-owned,"Propriété de l'État",1882,200,Classified,Classé,QC,QC,"1 Cote de la Citadelle","1, Côte de la Citadelle",Québec,QC,Quebec,Québec,"G1R 3R2",2023-2024,B651-18,56
P301656-101-30002459,23130,"2575 Sainte-Anne Boulevard Site","Site 2575 boulevard Sainte-Anne",023130,"2575 Sainte-Anne Boulevard","2575, boulevard Sainte-Anne","Lease purchase","Bail achat",2015,100,"Not applicable","N'est pas applicable",QC,QC,"2575 Sainte-Anne Boulevard","2575, boulevard Sainte-Anne",Québec,QC,Quebec,Québec,"G1J 1Y5",2021-2022,B651-18,83
P301665-101-30002470,05756,"Voltigeurs de Quebec Armoury Site","Site Manège militaire Voltigeurs de Québec",130401,"Voltigeurs Armoury (Central)","Manège militaire Voltigeurs (Central)",Crown-owned,"Propriété de l'État",2016,200,Classified,Classé,QC,QC,"805 Wilfrid Laurier Avenue","805, avenue Wilfrid-Laurier",Québec,QC,Quebec,Québec,"G1R 2L3",2021-2022,B651-18,71
P301665-101-80000862,05756,"Voltigeurs de Quebec Armoury Site","Site Manège militaire Voltigeurs de Québec",130401,"Voltigeurs Armoury (East)","Manège militaire Voltigeurs (Est)",Crown-owned,"Propriété de l'État",2016,200,Classified,Classé,QC,QC,"805 Wilfrid Laurier Avenue","805, avenue Wilfrid-Laurier",Québec,QC,Quebec,Québec,"G1R 2L3",2021-2022,B651-18,71
P301665-101-80000863,05756,"Voltigeurs de Quebec Armoury Site","Site Manège militaire Voltigeurs de Québec",130401,"Voltigeurs Armoury (West)","Manège militaire Voltigeurs (Ouest)",Crown-owned,"Propriété de l'État",2016,200,Classified,Classé,QC,QC,"805 Wilfrid Laurier Avenue","805, avenue Wilfrid-Laurier",Québec,QC,Quebec,Québec,"G1R 2L3",2021-2022,B651-18,71
P400002-101-40000309,08834,"Parliament Hill West Site","Site Colline du Parlement Ouest",152405,"Justice Building","Édifice de la Justice",Crown-owned,"Propriété de l'État",1937,300,Recognized,Reconnu,SPIB,DGSIP,"249 Wellington Street","249, rue Wellington",Ottawa,ON,Ontario,Ontario,"K1A 0H8",2020-2021,B651-18,77
P400002-102-40000311,08835,"Supreme Court and National Library and Archives Canada Site","Site Cour Suprême et Bibliothèque nationale et Archives Canada",103840,"Supreme Court","Cour suprême",Crown-owned,"Propriété de l'État",1938,200,Classified,Classé,NCA,RCN,"301 Wellington Street","301, rue Wellington",Ottawa,ON,Ontario,Ontario,"K1A 0H9",2022-2023,B651-18,48
P400002-103-40000552,08834,"Parliament Hill West Site","Site Colline du Parlement Ouest",103838,"Confederation Building","Édifice de la Confédération",Crown-owned,"Propriété de l'État",1932,200,Classified,Classé,SPIB,DGSIP,"229 Wellington Street","229, rue Wellington",Ottawa,ON,Ontario,Ontario,"K1A 0H9",2020-2021,B651-18,76
P400006-101-40000313,08836,"East Memorial Site","Site Édifice commémoratif de l'Est",008836,"East Memorial","Édifice commémoratif de l'Est",Crown-owned,"Propriété de l'État",1950,200,Classified,Classé,NCA,RCN,"284 Wellington Street","284, rue Wellington",Ottawa,ON,Ontario,Ontario,"K1A 0H8",2021-2022,B651-18,63
P400008-101-40000315,09031,"LaSalle Academy Site","Site Académie de LaSalle",009031,"LaSalle Academy","Académie de LaSalle",Crown-owned,"Propriété de l'État",1852,200,Classified,Classé,NCA,RCN,"373 Sussex Drive","373, promenade Sussex",Ottawa,ON,Ontario,Ontario,"K1N 6Z2",2019-2020,B651-18,63
P400010-101-40000319,09004,"Connaught Site","Site Connaught",009004,"Connaught Building","Édifice Connaught",Crown-owned,"Propriété de l'État",1914,200,Classified,Classé,NCA,RCN,"555 MacKenzie Avenue","555, avenue MacKenzie",Ottawa,ON,Ontario,Ontario,"K1A 0L5",2019-2020,B651-18,73
P400011-101-40000321,24781,"GC Site - Ottawa","Site GC - Ottawa",024781,"GC Building - 350 King Edward Avenue","Édifice GC - 350, avenue King Edward",Crown-owned,"Propriété de l'État",1942,500,"Not designated","Non désigné",NCA,RCN,"350 King Edward Avenue","350, avenue King Edward",Ottawa,ON,Ontario,Ontario,"K1A 0X1",2019-2020,B651-18,60
P400012-101-40000323,09026,"Major-General G. R. Pearkes Site","Site Major-général G.R. Pearkes",009026,"Major-General G. R. Pearkes Building","Édifice Major-Général G. R. Pearkes",Crown-owned,"Propriété de l'État",1972,300,Recognized,Reconnu,NCA,RCN,"101 Colonel By Drive","101, promenade Colonel By",Ottawa,ON,Ontario,Ontario,"K1A 0K2",2021-2022,B651-18,49
P400018-101-40000330,08996,"Exhibition Commission Site - Warehouse and Office","Site Commission des expositions - entrepôt et bureau",008996,"GC Building - Exhibition Commission Office","Édifice GC - Commission des expositions - Bureaux",Crown-owned,"Propriété de l'État",1967,400,Pending,"En attente",NCA,RCN,"440 Coventry Road","440, chemin Coventry",Ottawa,ON,Ontario,Ontario,"K1K 2C4",2019-2020,B651-18,75
P400206-101-40000523,32595,"Uniform # 2 Site","Site Uniform # 2",032595,"Uniform #2 Building","Immeuble Uniform #2",Crown-owned,"Propriété de l'État",1975,500,"Not designated","Non désigné",NCA,RCN,"79 Bentley Avenue","79, avenue Bentley",Ottawa,ON,Ontario,Ontario,"K2E 6T7",2021-2022,B651-18,42
P400221-101-40000543,07614,"Place du Portage I & Portage II Site","Site Place du Portage I et Portage II",007614,"Place du Portage I and Portage I & II (commercial)","Place du Portage I et Portage I & II (commercial)",Crown-owned,"Propriété de l'État",1973,200,Classified,Classé,NCA,RCN,"50 Victoria Street","50, rue Victoria",Gatineau,QC,Quebec,Québec,"J8X 3X1",2021-2022,B651-18,42
P400221-101-40000546,07614,"Place du Portage I & Portage II Site","Site Place du Portage I et Portage II",103708,"Place du Portage - Phase II","Place du Portage - Phase II",Crown-owned,"Propriété de l'État",1976,200,Classified,Classé,NCA,RCN,"165 De l'Hôtel-de-Ville Street","165, rue de l'Hôtel-de-Ville",Gatineau,QC,Quebec,Québec,"J8X 3X2",2021-2022,B651-18,42
P400221-101-40000547,07614,"Place du Portage I & Portage II Site","Site Place du Portage I et Portage II",007614,"Place du Portage I and Portage I & II (commercial)","Place du Portage I et Portage I & II (commercial)",Crown-owned,"Propriété de l'État",1973,200,Classified,Classé,NCA,RCN,"50 Victoria Street","50, rue Victoria",Gatineau,QC,Quebec,Québec,"J8X 3X1",2021-2022,B651-18,42
P400221-101-40000842,07614,"Place du Portage I & Portage II Site","Site Place du Portage I et Portage II",103708,"Portage II and Portage I & II (Basement)","Portage II et Portage I et II (sous-sol)",Crown-owned,"Propriété de l'État",1973,200,Classified,Classé,NCA,RCN,"165 De l'Hôtel-de-Ville Street","165, rue de l'Hôtel-de-Ville",Gatineau,QC,Quebec,Québec,"J8X 3X1",2021-2022,B651-18,42
P400227-102-40001106,07638,"Place du Portage III & IV, Laurier Garage Site","Site Place du Portage III et IV, Garage Laurier",103718,"Place du Portage IV","Place du Portage IV",Crown-owned,"Propriété de l'État",1979,300,Recognized,Reconnu,NCA,RCN,"140 promenade du Portage","140, promenade du Portage",Gatineau,QC,Quebec,Québec,"K1A 0M3",2021-2022,B651-18,55
P400232-101-40000553,08834,"Parliament Hill West Site","Site Colline du Parlement Ouest",008834,"East Block","Édifice de l'Est",Crown-owned,"Propriété de l'État",1859,200,Classified,Classé,SPIB,DGSIP,"111 Wellington Street","111, rue Wellington",Ottawa,ON,Ontario,Ontario,"K1A 0A9",2020-2021,B651-18,75
P400232-104-40000556,08834,"Parliament Hill West Site","Site Colline du Parlement Ouest",103833,"West Block","Édifice de l'Ouest",Crown-owned,"Propriété de l'État",1859,200,Classified,Classé,SPIB,DGSIP,"111 Wellington Street","111, rue Wellington",Ottawa,ON,Ontario,Ontario,"K1A 0A9",2020-2021,B651-18,83
P400232-108-80000832,08834,"Parliament Hill West Site","Site Colline du Parlement Ouest",153562,"Visitor Welcome Centre","Centre des visiteurs",Crown-owned,"Propriété de l'État",2018,100,"Not applicable","N'est pas applicable",SPIB,DGSIP,"111 Wellington Street","111, rue Wellington",Ottawa,ON,Ontario,Ontario,"K1A 0A9",2020-2021,B651-18,82
P400236-101-40000560,08833,"Office of the Prime Minister and Privy Council Site (Block 1)","Site Bureau du Premier ministre et du Conseil privé (Bloc 1)",008833,"Office of the Prime Minister and Privy Council","Bureau du Premier ministre et du Conseil privé",Crown-owned,"Propriété de l'État",1883,300,Recognized,Reconnu,SPIB,DGSIP,"80 Wellington Street","80, rue Wellington",Ottawa,ON,Ontario,Ontario,"K1P 6C2",2020-2021,B651-18,81
P400237-102-40001110,08831,"National Press Block Site (Block 3)","Site Bloc de la Presse nationale (Bloc 3)",103813,"Wellington Building","Édifice Wellington",Crown-owned,"Propriété de l'État",1938,300,Recognized,Reconnu,SPIB,DGSIP,"180 Wellington Street","180, rue Wellington",Ottawa,ON,Ontario,Ontario,"K1P 6C2",2020-2021,B651-18,82
P400237-105-40001149,08831,"National Press Block Site (Block 3)","Site Bloc de la Presse nationale (Bloc 3)",103817,"Sir John A. Macdonald Building","Édifice Sir John A. Macdonald",Crown-owned,"Propriété de l'État",1930,200,Classified,Classé,SPIB,DGSIP,"144 Wellington Street","144, rue Wellington",Ottawa,ON,Ontario,Ontario,"K1P 5T3",2020-2021,B651-18,83
P400240-101-40000566,09412,"Rideau Canal National Historic Site of Canada","Lieu Historique National du Canada du Canal-Rideau",054533,"Senate of Canada Building","Édifice du Sénat du Canada",Crown-owned,"Propriété de l'État",1912,200,Classified,Classé,SPIB,DGSIP,"2 Rideau Street","2, rue Rideau",Ottawa,ON,Ontario,Ontario,"K1N 8X5",2021-2022,B651-18,85
P400242-101-40000794,09020,"Lester B. Pearson Site","Site Lester B. Pearson",009020,"Lester B. Pearson Building","Édifice Lester B. Pearson",Crown-owned,"Propriété de l'État",1972,200,Classified,Classé,NCA,RCN,"125 Sussex Drive","125, promenade Sussex",Ottawa,ON,Ontario,Ontario,"K1A 0G2",2021-2022,B651-18,78
P400281-101-40003082,08807,"James Michael Flaherty Site","Site James Michael Flaherty",007163,"James Michael Flaherty Building","Édifice James Michael Flaherty","Lease purchase","Bail achat",2014,100,"Not applicable","N'est pas applicable",NCA,RCN,"90 Elgin Street","90, rue Elgin",Ottawa,ON,Ontario,Ontario,"K1P 5B8",2022-2023,B651-18,84
P400309-101-40000642,07605,"National Printing Bureau Site","Site Imprimerie nationale du Canada",007605,"National Printing Bureau","Imprimerie nationale du Canada",Crown-owned,"Propriété de l'État",1954,200,Classified,Classé,NCA,RCN,"45 Sacré-Coeur Boulevard","45, boulevard Sacré-Coeur",Gatineau,QC,Quebec,Québec,"J8X 1C6",2019-2020,B651-18,75
P400310-101-40000645,07611,"Canadian Foreign Service Institute (Bisson Centre) Site","Site Institut canadien du service extérieur (Centre Bisson)",007611,"Canadian Foreign Service Institute (Bisson Centre)","Institut canadien du service extérieur (Centre Bisson)",Crown-owned,"Propriété de l'État",1957,300,Recognized,Reconnu,NCA,RCN,"115 Bisson Street","115, rue Bisson",Gatineau,QC,Quebec,Québec,"J8Y 5M2",2019-2020,B651-18,79
P400373-105-40000876,17931,"Ottawa Macdonald-Cartier Intern. Airport Site","Site Aéroport international Macdonald-Cartier d'Ottawa",,"Macdonald-Cartier Data Centre","Centre de données Macdonald-Cartier",Crown-owned,"Propriété de l'État",1989,100,"Not applicable","N'est pas applicable",NCA,RCN,"1600 Tom Roberts Road","1600, chemin Tom Roberts",Ottawa,ON,Ontario,Ontario,"K1V 1E6",2022-2023,B651-18,78
P400452-101-40000796,07253,"St. Andrew's Tower Site","Site de la Tour Andrew",007253,"St. Andrew's Tower","Tour St. Andrew's",Crown-owned,"Propriété de l'État",1987,600,"Not yet evaluated","Pas encore évalué",NCA,RCN,"275 Sparks Street","275, rue Sparks",Ottawa,ON,Ontario,Ontario,"K1R 7X9",2021-2022,B651-18,69
P400491-101-40000837,07251,"Qimugjuk Site","Site Qimugjuk",007251,"Qimugjuk Building","Édifice Qimugjuk",Crown-owned,"Propriété de l'État",1998,500,"Not designated","Non désigné",WST,Ouest,"969 Federal Road","969, rue Federal",Iqaluit,NU,Nunavut,Nunavut,"X0A 0H0",2023-2024,B651-18,60
P400601-101-40000956,08835,"Supreme Court and National Library and Archives Canada Site","Site Cour Suprême et Bibliothèque nationale et Archives Canada",008835,"National Library and Archives Canada Building","Édifice de Bibliothèque et Archives Canada",Crown-owned,"Propriété de l'État",1965,200,Classified,Classé,NCA,RCN,"395 Wellington Street","395, rue Wellington",Ottawa,ON,Ontario,Ontario,"K1A 0N3",2019-2020,B651-18,71
P400604-101-40000933,08649,"Sir Leonard Tilley Site","Site Sir-Leonard-Tilley",008649,"Sir Leonard Tilley Annex","Annexe - Sir-Leonard-Tilley",Crown-owned,"Propriété de l'État",1961,100,"Not applicable","N'est pas applicable",NCA,RCN,"719 Heron Road","719 chemin Heron",Ottawa,ON,Ontario,Ontario,"K1G 3Z4",2022-2023,B651-18,80
P401360-101-40002366,15712,"M.J. Nadon Site","Site  M.J. Nadon",015712,"M.J. Nadon Building","Édifice M.J. Nadon","Lease purchase","Bail achat",2000,100,"Not applicable","N'est pas applicable",NCA,RCN,"73 Leikin Drive","73, promenade Leikin",Ottawa,ON,Ontario,Ontario,"K1A 0R2",2022-2023,B651-18,79
P401362-102-40003190,07608,"Les Terrasses de la Chaudière Site","Site Les Terrasses de la Chaudière",023549,"Les Terrasses de la Chaudière - Central Building","Les Terrasses de la Chaudière - Édifice Central",Crown-owned,"Propriété de l'État",1975,500,"Not designated","Non désigné",NCA,RCN,"1 Promenade du Portage","1, promenade du Portage",Gatineau,QC,Quebec,Québec,"K1A 0N2",2019-2020,B651-18,84
P401364-101-40003130,06484,"C.D. Howe Site","Site C.D. Howe",006484,"C.D. Howe Building","Édifice C.D. Howe",Crown-owned,"Propriété de l'État",1977,300,Recognized,Reconnu,NCA,RCN,"240 Sparks Street and 235 Queen Street","240, rue Sparks et 235, rue Queen",Ottawa,ON,Ontario,Ontario,"K1A 0H5",2021-2022,B651-18,48
P401376-101-40002140,07632,"Place du Centre Site","Site Place du Centre",007632,"Place du Centre","Place du Centre",Crown-owned,"Propriété de l'État",1977,100,"Not applicable","N'est pas applicable",NCA,RCN,"200 Promenade du Portage","200, promenade du Portage",Gatineau,QC,Quebec,Québec,"J8X 4B7",2020-2021,B651-18,83
P401378-101-40000858,54977,"John G. Diefenbaker Site","Site John G. Diefenbaker",054977,"John G. Diefenbaker Building","Édifice John G. Diefenbaker",Crown-owned,"Propriété de l'État",1993,200,Classified,Classé,NCA,RCN,"111 Sussex Drive","111, promenade Sussex",Ottawa,ON,Ontario,Ontario,"K1N 5A1",2021-2022,B651-18,63
P401724-101-40003031,22180,"22 Eddy Street Site","Site 22, rue Eddy",022180,"22 Eddy Street","22, rue Eddy","Lease purchase","Bail achat",2013,100,"Not applicable","N'est pas applicable",NCA,RCN,"22 Eddy Street","22, rue Eddy",Gatineau,QC,Quebec,Québec,"J8X 2V6",2021-2022,B651-18,71
P401725-101-40003032,22179,"30 Victoria Street Site","Site 30, rue Victoria",022179,"30 Victoria Street","30, rue Victoria","Lease purchase","Bail achat",2013,100,"Not applicable","N'est pas applicable",NCA,RCN,"30 Victoria Street","30, rue Victoria",Gatineau,QC,Quebec,Québec,"J8X 4H7",2022-2023,B651-18,73
P401726-101-40003033,07075,"455 de la Carrière Blvd Site","Site 455, blvd de la Carrière",007075,"455 De la Carrière Boulevard","455, boulevard de la Carrière","Lease purchase","Bail achat",2012,100,"Not applicable","N'est pas applicable",NCA,RCN,"455 de la Carrière Boulevard","455, boulevard de la Carrière",Gatineau,QC,Quebec,Québec,"J8Y 6V7",2023-2024,B651-18,93
P401731-102-40003049,20622,"Carling Campus Site","Site Campus Carling",000611,"Carling Campus - Building No. 2","Campus Carling - Immeuble No. 2",Crown-owned,"Propriété de l'État",1996,100,"Not applicable","N'est pas applicable",NCA,RCN,"3500 Carling Avenue","3500, avenue Carling",Ottawa,ON,Ontario,Ontario,"K2H 8E9",2022-2023,B651-18,80
P401731-103-40003050,20622,"Carling Campus Site","Site Campus Carling",000635,"Carling Campus - Building No. 3","Campus Carling - Immeuble No. 3",Crown-owned,"Propriété de l'État",1996,100,"Not applicable","N'est pas applicable",NCA,RCN,"3500 Carling Avenue","3500, avenue Carling",Ottawa,ON,Ontario,Ontario,"K2H 8E9",2022-2023,B651-18,80
P401731-105-40003052,20622,"Carling Campus Site","Site Campus Carling",001704,"Carling Campus - Building No. 5","Campus Carling - Immeuble No. 5",Crown-owned,"Propriété de l'État",1996,100,"Not applicable","N'est pas applicable",NCA,RCN,"3500 Carling Avenue","3500, avenue Carling",Ottawa,ON,Ontario,Ontario,"K2H 8E9",2022-2023,B651-18,80
P401731-106-40003053,01071,"Bell Northern Research","Recherche de Bell Northern",020771,"Carling Campus - Building No. 6","Campus Carling - Immeuble No. 6",Crown-owned,"Propriété de l'État",1996,100,"Not applicable","N'est pas applicable",NCA,RCN,"3500 Carling Avenue","3500, avenue Carling",Ottawa,ON,Ontario,Ontario,"K2H 8E9",2022-2023,B651-18,80
P401731-106-40003054,01071,"Bell Northern Research","Recherche de Bell Northern",020771,"Carling Campus - Building No. 7","Campus Carling - Immeuble No. 7",Crown-owned,"Propriété de l'État",1996,100,"Not applicable","N'est pas applicable",NCA,RCN,"3500 Carling Avenue","3500, avenue Carling",Ottawa,ON,Ontario,Ontario,"K2H 8E9",2022-2023,B651-18,80
P401731-108-40003055,01071,"Bell Northern Research","Recherche de Bell Northern",020772,"Carling Campus - Building No. 8","Campus Carling - Immeuble No. 8",Crown-owned,"Propriété de l'État",1996,100,"Not applicable","N'est pas applicable",NCA,RCN,"3500 Carling Avenue","3500, avenue Carling",Ottawa,ON,Ontario,Ontario,"K2H 8E9",2022-2023,B651-18,80
P401731-108-40003056,01071,"Bell Northern Research","Recherche de Bell Northern",020772,"Carling Campus - Building No. 9","Campus Carling - Immeuble No. 9",Crown-owned,"Propriété de l'État",1996,100,"Not applicable","N'est pas applicable",NCA,RCN,"3500 Carling Avenue","3500, avenue Carling",Ottawa,ON,Ontario,Ontario,"K2H 8E9",2022-2023,B651-18,80
P401731-110-40003057,20622,"Carling Campus Site","Site Campus Carling",003020,"Carling Campus - Building No. 10 - East","Campus Carling - Immeuble No. 10 - Est",Crown-owned,"Propriété de l'État",1996,100,"Not applicable","N'est pas applicable",NCA,RCN,"3500 Carling Avenue","3500, avenue Carling",Ottawa,ON,Ontario,Ontario,"K2H 8E9",2022-2023,B651-18,80
P401731-111-40003058,20622,"Carling Campus Site","Site Campus Carling",020622,"Carling Campus - Services","Campus Carling - Services",Crown-owned,"Propriété de l'État",1996,100,"Not applicable","N'est pas applicable",NCA,RCN,"3500 Carling Avenue","3500, avenue Carling",Ottawa,ON,Ontario,Ontario,"K2H 8E9",2022-2023,B651-18,80
P401731-112-40003059,20622,"Carling Campus Site","Site Campus Carling",001813,"Carling Campus - Pavilion","Campus Carling - Pavillon",Crown-owned,"Propriété de l'État",2017,400,Pending,"En attente",NCA,RCN,"3500 Carling Avenue","3500, avenue Carling",Ottawa,ON,Ontario,Ontario,"K2H 8E9",2022-2023,B651-18,80
P401731-113-40003072,20622,"Carling Campus Site","Site Campus Carling",002983,"Carling Campus - Building No. 10 - West","Campus Carling - Immeuble No. 10 - Ouest",Crown-owned,"Propriété de l'État",2017,100,"Not applicable","N'est pas applicable",NCA,RCN,"3500 Carling Avenue","3500, avenue Carling",Ottawa,ON,Ontario,Ontario,"K2H 8E9",2022-2023,B651-18,80
P401731-115-40003112,01071,"Bell Northern Research","Recherche de Bell Northern",152514,"Carling Campus - Ottawa-Carleton Wildlife Centre","Campus Carling - Wildlife Centre d'Ottawa-Carleton",Crown-owned,"Propriété de l'État",2017,100,"Not applicable","N'est pas applicable",NCA,RCN,"3500 Carling Avenue","3500, avenue Carling",Ottawa,ON,Ontario,Ontario,"K2H 8E9",2022-2023,B651-18,80
P401731-120-80000845,20622,"Carling Campus Site","Site Campus Carling",152506,"Carling Campus - Guardhouse #2","Campus Carling - Poste de garde #2",Crown-owned,"Propriété de l'État",2017,500,"Not designated","Non désigné",NCA,RCN,"3500 Carling Avenue","3500, avenue Carling",Ottawa,ON,Ontario,Ontario,"K2H 8E9",2022-2023,B651-18,80
P401731-121-80000846,20622,"Carling Campus Site","Site Campus Carling",152507,"Carling Campus - Guardhouse #1","Campus Carling - Poste de garde #1",Crown-owned,"Propriété de l'État",1996,500,"Not designated","Non désigné",NCA,RCN,"3500 Carling Avenue","3500, avenue Carling",Ottawa,ON,Ontario,Ontario,"K2H 8E9",2022-2023,B651-18,80
P500025-101-50000332,10729,"GC Site - Windsor","Site GC - Windsor",010729,"GC Building - Windsor","Édifice GC - Windsor",Crown-owned,"Propriété de l'État",1953,500,"Not designated","Non désigné",ON,ON,"441 University Avenue West","441, avenue University Ouest",Windsor,ON,Ontario,Ontario,"N9A 4Z1",2022-2023,B651-18,66
P500027-101-50000336,10816,"GC Site - Sarnia","Site GC - Sarnia",010816,"GC Building - Sarnia","Édifice GC - Sarnia",Crown-owned,"Propriété de l'État",1960,300,Recognized,Reconnu,ON,ON,"105 Christina Street South","105, rue Christina Sud",Sarnia,ON,Ontario,Ontario,"N7T 2M7",2022-2023,B651-18,77
P500028-101-50000338,10899,"Richard Pierpoint Site","Site Richard-Pierpoint",010899,"Richard Pierpoint Building","Édifice Richard-Pierpoint",Crown-owned,"Propriété de l'État",1976,400,Pending,"En attente",ON,ON,"451 Talbot Street","451, rue Talbot",London,ON,Ontario,Ontario,"N6A 5C9",2023-2024,B651-18,82
P500029-101-50000339,10889,"Dominion Public Building Site","Site Édifice public Dominion",010889,"Dominion Public Building","Édifice public Dominion",Crown-owned,"Propriété de l'État",1936,200,Classified,Classé,ON,ON,"457 Richmond Street","457, rue Richmond",London,ON,Ontario,Ontario,"N6A 3E0",2023-2024,B651-18,71
P500030-101-50000341,10888,"Lipton Site","Site Lipton",010888,"Lipton Building","Édifice Lipton",Crown-owned,"Propriété de l'État",1956,500,"Not designated","Non désigné",ON,ON,"120 Queens Avenue","120, avenue Queens",London,ON,Ontario,Ontario,"N6A 1H8",2023-2024,B651-18,73
P500034-101-50000348,10414,"Laura Secord Site","Site Laura-Secord",010414,"Laura Secord Building","Édifice Laura-Secord",Crown-owned,"Propriété de l'État",1956,300,Recognized,Reconnu,ON,ON,"32-46 Church Street","32-46, rue Church","St. Catharines",ON,Ontario,Ontario,"L2R 3B6",2020-2021,B651-18,66
P500035-101-50000350,10518,"John Norton Site","Site John-Norton",010518,"John Norton Building","Édifice John-Norton",Crown-owned,"Propriété de l'État",1937,300,Recognized,Reconnu,ON,ON,"15-29 Duke Street East","15-29, rue Duke Est",Kitchener,ON,Ontario,Ontario,"N2H 1A0",2023-2024,B651-18,80
P500037-101-50000354,10519,"GC Site - Kitchener","Site GC - Kitchener",010519,"GC Building -Kitchener","Édifice GC - Kitchener",Crown-owned,"Propriété de l'État",1956,300,Recognized,Reconnu,ON,ON,"166 Frederick Street","166, rue Frederick",Kitchener,ON,Ontario,Ontario,"N2H 0A9",2019-2020,B651-18,48
P500041-101-50000363,31177,"GC Site - Barrie","Site GC - Barrie",031177,"GC Building - Barrie","Édifice GC - Barrie",Crown-owned,"Propriété de l'État",1976,400,Pending,"En attente",ON,ON,"48 Owen Street","48, rue Owen",Barrie,ON,Ontario,Ontario,"L4M 3H1",2023-2024,B651-18,79
P500046-101-50000373,09451,"GC Site - Kingston","Site GC - Kingston",009451,"GC Building (Former Post Office)","Édifice GC (Ancien bureau de poste)",Crown-owned,"Propriété de l'État",1859,200,Classified,Classé,ON,ON,"86 Clarence Street","86, rue Clarence",Kingston,ON,Ontario,Ontario,"K7L 1X3",2022-2023,B651-18,78
P500048-101-50000377,09530,"Bellevile Tax Services Office Site","Site Bureau des services fiscaux de Belleville",009530,"Bellevile Tax Services Office","Bureau des services fiscaux de Belleville",Crown-owned,"Propriété de l'État",1961,300,Recognized,Reconnu,ON,ON,"11 Station Street","11, rue Station",Belleville,ON,Ontario,Ontario,"K8N 2S2",2019-2020,B651-18,51
P500049-101-50000379,09531,"GC Site - Belleville","Site GC - Belleville",009531,"GC Building - Belleville","Édifice GC - Bellevile",Crown-owned,"Propriété de l'État",1968,500,"Not designated","Non désigné",ON,ON,"494 Dundas Street East","494, rue Dundas Est",Belleville,ON,Ontario,Ontario,"K8N 1G3",2022-2023,B651-18,66
P500051-101-50000382,11452,"GC Site - Parry Sound","Site GC - Parry Sound",011452,"GC Building - Parry Sound","Édifice GC - Parry Sound",Crown-owned,"Propriété de l'État",1955,500,"Not designated","Non désigné",ON,ON,"74 James Street","74, rue James","Parry Sound",ON,Ontario,Ontario,"P2A 1T0",2023-2024,B651-18,69
P500055-101-50000389,11718,"GC Site - Timmins","Site GC - Timmins",011718,"GC Building - Timmins","Édifice GC - Timmins",Crown-owned,"Propriété de l'État",1960,500,"Not designated","Non désigné",ON,ON,"120 Cedar Street South","120, rue Cedar Sud",Timmins,ON,Ontario,Ontario,"P4N 2G0",2023-2024,B651-18,76
P500056-101-50000391,11655,"Taxation Data Centre Site","Site Centre des données fiscales",011655,"Taxation Data Centre","Centre des données fiscales",Crown-owned,"Propriété de l'État",1978,400,Pending,"En attente",ON,ON,"1050 Notre Dame Avenue","1050, avenue Notre Dame","Greater Sudbury",ON,Ontario,Ontario,"P3A 2T4",2023-2024,B651-18,77
P500057-101-50000393,11641,"GC Site - Greater Sudbury","Site GC - Grand Sudbury",011641,"GC Building - Greater Sudbury","Édifice GC - Greater Sudbury",Crown-owned,"Propriété de l'État",1958,300,Recognized,Reconnu,ON,ON,"19 Lisgar Street","19, rue Lisgar","Greater Sudbury",ON,Ontario,Ontario,"P3E 3L4",2020-2021,B651-18,66
P500059-101-50000396,12165,"GC Site - Sioux Lookout","Site GC - Sioux Lookout",012165,"GC Building - Sioux Lookout","Édifice GC - Sioux Lookout",Crown-owned,"Propriété de l'État",1975,400,Pending,"En attente",ON,ON,"45 Prince Street","45, rue Prince","Sioux Lookout",ON,Ontario,Ontario,"P8T 1A7",2022-2023,B651-18,77
P500060-101-50000398,11949,"GC Site - Thunder Bay","Site GC - Thunder Bay",011949,"GC Building - Thunder Bay","Édifice GC - Thunder Bay",Crown-owned,"Propriété de l'État",1962,500,"Not designated","Non désigné",ON,ON,"221 Archibald Street North","221, rue Archibald Nord","Thunder Bay",ON,Ontario,Ontario,"P7C 3Y3",2023-2024,B651-18,78
P500061-101-50000400,12085,"GC Site - Fort Frances","Site GC - Fort Frances",012085,"GC Building - Fort Frances","Édifice GC - Fort Frances",Crown-owned,"Propriété de l'État",1929,300,Recognized,Reconnu,ON,ON,"301 Scott Street","301, rue Scott","Fort Frances",ON,Ontario,Ontario,"P9A 1H0",2022-2023,B651-18,80
P500062-101-50000402,11950,"GC Site - Thunder Bay","Site GC - Thunder Bay",011950,"GC Building - National Revenue","Édifice GC - Revenu national",Crown-owned,"Propriété de l'État",1915,300,Recognized,Reconnu,ON,ON,"201 May Street North","201, rue May Nord","Thunder Bay",ON,Ontario,Ontario,"P7C 3P4",2022-2023,B651-18,69
P500063-101-50000404,11951,"GC Site - 130 Syndicate, Thunder Bay","GC Site - 130, Syndicate, Thunder Bay",011951,"GC Building - Thunder Bay","Édifice GC - Thunder Bay",Crown-owned,"Propriété de l'État",1936,300,Recognized,Reconnu,ON,ON,"130 Syndicate Avenue South","130, avenue Syndicate Sud","Thunder Bay",ON,Ontario,Ontario,"P7E 1C7",2022-2023,B651-18,76
P500071-101-50000417,54078,"Canadian Atmospheric Reasearch Lab Site","Site Laboratoire da recherche atmosphérique du Canada",054078,"Environment Canada Building","Édifice d’Environnement Canada",Crown-owned,"Propriété de l'État",1970,300,Recognized,Reconnu,ON,ON,"4905 Dufferin Street","4905, rue Dufferin",Toronto,ON,Ontario,Ontario,"M3H 5T4",2019-2020,B651-18,45
P500071-102-80001757,54078,"Canadian Atmospheric Reasearch Lab Site","Site Laboratoire da recherche atmosphérique du Canada",104812,"Canadian Atmospheric Research Lab","Laboratoire canadien de recherche atmosphérique",Crown-owned,"Propriété de l'État",1970,300,Recognized,Reconnu,ON,ON,"4905 Dufferin Street","4905, rue Dufferin",Toronto,ON,Ontario,Ontario,"M3H 5T4",2019-2020,B651-18,54
P500074-101-50000422,54095,"Canada Centre Site","Site Centre Canada",054095,"Canada Centre","Centre Canada",Crown-owned,"Propriété de l'État",1984,600,"Not yet evaluated","Pas encore évalué",ON,ON,"200 Town Centre Court","200, cour Town Centre",Toronto,ON,Ontario,Ontario,"M1P 4X8",2019-2020,B651-18,54
P500093-101-50000444,54105,"GC Site - Sault Ste Marie","Site GC - Sault-Ste-Marie",054105,"GC Building - Sault Ste Marie","Édifice GC - Sault Ste-Marie",Crown-owned,"Propriété de l'État",1995,600,"Not yet evaluated","Pas encore évalué",ON,ON,"22 Bay Street","22, rue Bay","Sault Ste. Marie",ON,Ontario,Ontario,"P6A 5S2",2020-2021,B651-18,63
P501211-101-50002039,10643,"Tecumseh Site","Site Técumseh",010643,"Tecumseh Building","Édifice Tecumseh",Crown-owned,"Propriété de l'État",1958,300,Recognized,Reconnu,ON,ON,"120 Wellington Street West","120, rue Wellington Ouest",Chatham,ON,Ontario,Ontario,"N7M 4V9",2022-2023,B651-18,64
P501212-101-50002043,11034,"GC Site - Collingwood","Site GC - Colingwood",011034,"GC Building - Collingwood","Édifice GC - Collingwood",Crown-owned,"Propriété de l'État",1914,200,Classified,Classé,ON,ON,"44 Hurontario Street","44, rue Hurontario",Collingwood,ON,Ontario,Ontario,"L9Y 2L6",2023-2024,B651-18,78
P501213-101-50002046,09451,"GC Site - Kingston","Site GC - Kingston",103917,"GC Building - Custom's House","Édifice GC - Édifice de la douane",Crown-owned,"Propriété de l'État",1859,200,Classified,Classé,ON,ON,"294 King Street East","294, rue King Est",Kingston,ON,Ontario,Ontario,"K7L 3B2",2022-2023,B651-18,69
P501258-101-50002111,06479,"Sir Isaac Brock Site","Site Sir-Isaac-Brock",006479,"Sir Isaac Brock Building","Édifice Sir-Isaac-Brock",Crown-owned,"Propriété de l'État",2001,600,"Not yet evaluated","Pas encore évalué",ON,ON,"55 Bay Street North","55, rue Bay Nord",Hamilton,ON,Ontario,Ontario,"L8R 1N8",2022-2023,B651-18,71
P600006-101-60000316,13689,"GC Site - Regina","Site GC - Regina",013689,"GC Building - Regina","Édifice GC - Regina",Crown-owned,"Propriété de l'État",1937,300,Recognized,Reconnu,WST,Ouest,"1975 Scarth Street","1975, rue Scarth",Regina,SK,Saskatchewan,Saskatchewan,"S4P 2H1",2022-2023,B651-18,58
P600007-101-60000317,13686,"Taxation Site","Site de l'Impôt",013686,"Taxation Building","Immeuble de l'impôt",Crown-owned,"Propriété de l'État",1968,500,"Not designated","Non désigné",WST,Ouest,"1955 Smith Street","1955, rue Smith",Regina,SK,Saskatchewan,Saskatchewan,"S4P 2N9",2023-2024,B651-18,64
P600009-101-60000321,12702,"Winnipeg Taxation Centre Site","Site Centre fiscal de Winnipeg",012702,"Winnipeg Taxation Centre","Centre fiscal de Winnipeg",Crown-owned,"Propriété de l'État",1979,100,"Not applicable","N'est pas applicable",WST,Ouest,"66 Stapon Road","66, chemin Stapon",Winnipeg,MB,Manitoba,Manitoba,"R3C 3M2",2021-2022,B651-18,72
P600010-101-60000323,12648,"Canadian Grain Commission Site","Site Commission canadienne des grains",012648,"Canadian Grain Commission Building","Édifice de la Commission canadienne des grains",Crown-owned,"Propriété de l'État",1973,500,"Not designated","Non désigné",WST,Ouest,"303 Main Street","303, rue Main",Winnipeg,MB,Manitoba,Manitoba,"R3C 3G7",2019-2020,B651-18,78
P600011-101-60000325,12626,"Victory Site","Site de la Victoire",012626,"Victory Building","Édifice de la Victoire",Crown-owned,"Propriété de l'État",1935,200,Classified,Classé,WST,Ouest,"269 Main Street","269, rue Main",Winnipeg,MB,Manitoba,Manitoba,"R3C 1B2",2022-2023,B651-18,58
P600011-102-80001639,12626,"Victory Site","Site de la Victoire",012626,"Victory Building","Édifice de la Victoire",Crown-owned,"Propriété de l'État",1935,100,"Not applicable","N'est pas applicable",WST,Ouest,"269 Main Street","269, rue Main",Winnipeg,MB,Manitoba,Manitoba,"R3C 1B2",2022-2023,B651-18,58
P600012-101-60000327,12631,"Customs Examining Warehouse Site","Site Entrepôt de vérification des douanes",012631,"Customs Examining Warehouse","Entrepôt de vérification des douanes",Crown-owned,"Propriété de l'État",1911,300,Recognized,Reconnu,WST,Ouest,"145 McDermot Avenue","145, avenue McDermot",Winnipeg,MB,Manitoba,Manitoba,"R3B 0R9",2019-2020,B651-18,72
P600013-101-60000329,12633,"Stanley Knowles Federal Site","Site fédéral Stanley Knowles",012633,"Stanley Knowles Federal Building","Édifice fédéral Stanley Knowles",Crown-owned,"Propriété de l'État",1959,300,Recognized,Reconnu,WST,Ouest,"391 York Avenue","391, avenue York",Winnipeg,MB,Manitoba,Manitoba,"R3C 0P4",2019-2020,B651-18,68
P600014-101-60000331,12455,"GC Site - Brandon","Site GC - Brandon",012455,"GC Building - Brandon","Édifice GC - Brandon",Crown-owned,"Propriété de l'État",1930,500,"Not designated","Non désigné",WST,Ouest,"1039 Princess Avenue","1039, avenue Princess",Brandon,MB,Manitoba,Manitoba,"R7A 4J5",2023-2024,B651-18,65
P600020-101-60000341,12624,"MacDonald Site","Site MacDonald",012624,"MacDonald Building","Édifice MacDonald",Crown-owned,"Propriété de l'État",1961,500,"Not designated","Non désigné",WST,Ouest,"344 Edmonton Street","344, rue Edmonton",Winnipeg,MB,Manitoba,Manitoba,"R3B 2L4",2019-2020,B651-18,71
P600021-101-60000343,31575,"Revenue Canada Warehouse Site","Site Entrepôt de Revenu Canada",031575,"Revenue Canada Warehouse","Entrepôt de Revenu Canada",Crown-owned,"Propriété de l'État",1973,100,"Not applicable","N'est pas applicable",WST,Ouest,"201 Weston Street","201, rue Weston",Winnipeg,MB,Manitoba,Manitoba,"R3E 3H4",2022-2023,B651-18,64
P600212-101-60000536,21028,"GC Site - Inuvik","Site GC - Inuvik",021028,"GC Building - Inuvik","Édifice GC - Inuvik",Crown-owned,"Propriété de l'État",1959,500,"Not designated","Non désigné",WST,Ouest,"187 MacKenzie Road","187, rue MacKenzie",Inuvik,NT,"Northwest Territories","Territoires du Nord-Ouest","X0E 0T0",2023-2024,B651-18,65
P600216-101-60000541,20496,"GC Site - Hay River","Site GC - Hay River",020496,"GC Building - Hay River","Édifice GC - Hay River",Crown-owned,"Propriété de l'État",1966,500,"Not designated","Non désigné",WST,Ouest,"41 Capital Drive","41, promenade Capital","Hay River",NT,"Northwest Territories","Territoires du Nord-Ouest","X0E 1G2",2023-2024,B651-18,61
P600219-101-60000545,20790,"GC Site - Fort Simpson","Site GC - Fort Simpson",020790,"GC Building - Fort Simpson","Édifice GC - Fort Simpson",Crown-owned,"Propriété de l'État",1965,500,"Not designated","Non désigné",WST,Ouest,"9606, 100 Street","9606, rue 100","Fort Simpson",NT,"Northwest Territories","Territoires du Nord-Ouest","X0E 0N0",2023-2024,B651-18,58
P600223-101-60000549,31402,"GC Site - Fort Smith","Site GC - Fort Smith",031402,"GC Building - Fort Smith","Édifice GC - Fort Smith",Crown-owned,"Propriété de l'État",1985,500,"Not designated","Non désigné",WST,Ouest,"149 McDougal Road","149, rue McDougal","Fort Smith",NT,"Northwest Territories","Territoires du Nord-Ouest","X0E 0P0",2023-2024,B651-18,53
P600391-101-60000748,06984,"Greenstone Site","Site Greenstone",006984,"Greenstone Building","Édifice Greenstone",Crown-owned,"Propriété de l'État",1999,500,"Not designated","Non désigné",WST,Ouest,"5101 50 Avenue","5101, avenue 50",Yellowknife,NT,"Northwest Territories","Territoires du Nord-Ouest","X1A 1E1",2022-2023,B651-18,76
P600399-101-60000757,09678,"Alvin Hamilton Site","Site Alvin Hamilton",009678,"Alvin Hamilton Building","Édifice Alvin Hamilton",Crown-owned,"Propriété de l'État",1968,400,Pending,"En attente",WST,Ouest,"1783 Hamilton Street","1783, rue Hamilton",Regina,SK,Saskatchewan,Saskatchewan,"S4P 2B6",2022-2023,B651-18,61
P600401-101-60000760,15659,"RCMP K Division Headquaters Site","Site du quartier général de la Division K de la GRC",015659,"RCMP K Division Headquarters","Quartier général de la Division K de la GRC",Crown-owned,"Propriété de l'État",1998,100,"Not applicable","N'est pas applicable",WST,Ouest,"11140 109 Street Northwest","11140, rue 109 Nord-Ouest",Edmonton,AB,Alberta,Alberta,"T5G 2T4",2022-2023,B651-18,61
P600401-102-60000776,15659,"RCMP K Division Headquaters Site","Site du quartier général de la Division K de la GRC",104340,"RCMP K Division Headquarters (Garage/Carwash)","Quartier général de la Div. K - Garage lave-auto",Crown-owned,"Propriété de l'État",1998,500,"Not designated","Non désigné",WST,Ouest,"11140 109 Street Northwest","11140, rue 109 Nord-Ouest",Edmonton,AB,Alberta,Alberta,"T5G 2T4",2022-2023,B651-18,61
P600402-101-60000762,20778,"Henry Larson Site","Site Henry Larson",020778,"Henry Larson Building","Édifice Henry Larson",Crown-owned,"Propriété de l'État",1970,400,Pending,"En attente",WST,Ouest,"5010 49 Avenue","5010, avenue 49",Yellowknife,NT,"Northwest Territories","Territoires du Nord-Ouest","X1A 2R3",2022-2023,B651-18,69
P600405-101-60000758,12612,"RCMP D Division Police HQ Site","Site du quartier général de la Division D de la GRC",012612,"RCMP D Division Headquarters","Quartier général de la Division D de la GRC",Crown-owned,"Propriété de l'État",1977,500,"Not designated","Non désigné",WST,Ouest,"1091 Portage Avenue","1091, avenue Portage",Winnipeg,MB,Manitoba,Manitoba,"R3G 0S6",2023-2024,B651-18,58
P600405-102-60000763,12612,"RCMP D Division Police HQ Site","Site du quartier général de la Division D de la GRC",104160,"RCMP Duplex 1 Units 1 and 2","Duplex de la GRC # 1, Unités 1 et 2",Crown-owned,"Propriété de l'État",1959,500,"Not designated","Non désigné",WST,Ouest,"734-736 Dominion Street","734-736, rue Dominion",Winnipeg,MB,Manitoba,Manitoba,"R3G 2N4",2023-2024,B651-18,47
P600405-103-60000765,12612,"RCMP D Division Police HQ Site","Site du quartier général de la Division D de la GRC",104162,"RCMP Duplex 2 Units 1 and 2","Duplex de la GRC # 2, Unités 1 et 2",Crown-owned,"Propriété de l'État",1959,500,"Not designated","Non désigné",WST,Ouest,"744-746 Dominion Street","744-746, rue Dominion",Winnipeg,MB,Manitoba,Manitoba,"R3G 2N4",2023-2024,B651-18,60
P600405-104-60000767,12612,"RCMP D Division Police HQ Site","Site du quartier général de la Division D de la GRC",104164,"RCMP Medical Ctr Duplex 3 Units 1 and 2","Centre médical de la GRC Duplex # 3, Unités 1 et 2",Crown-owned,"Propriété de l'État",1959,500,"Not designated","Non désigné",WST,Ouest,"754-756 Dominion Street","754-756, rue Dominion",Winnipeg,MB,Manitoba,Manitoba,"R3G 2N4",2023-2024,B651-18,62
P601187-101-60001980,14177,"GC Site - Saskatoon","Site GC - Saskatoon",014177,"GC Building - Saskatoon","Édifice GC - Saskatoon",Crown-owned,"Propriété de l'État",1930,500,"Not designated","Non désigné",WST,Ouest,"101, 22 Street East","101, rue 22 est",Saskatoon,SK,Saskatchewan,Saskatchewan,"S7K 0E1",2023-2024,B651-18,59
P700008-101-70000315,19714,"GC Site - Smithers","Site GC - Smithers",019714,"GC Building - Fisheries and Oceans","Édifice GC - Pêches et Océans",Crown-owned,"Propriété de l'État",1994,600,"Not yet evaluated","Pas encore évalué",PAC,PAC,"3177 Tatlow Road","3177, chemin Tatlow",Smithers,BC,"British Columbia",Colombie-Britannique,"V0J 2N5",2022-2023,B651-18,70
P700009-101-70000318,71867,"GC Site - Prince George","Site GC - Prince George",071867,"GC Building - Federal Office & Warehouse","Édifice GC - Bureaux fédéreaux et entrepôt",Crown-owned,"Propriété de l'État",1970,500,"Not designated","Non désigné",PAC,PAC,"3690 Massey Drive","3690, promenade Massey","Prince George",BC,"British Columbia",Colombie-Britannique,"V2N 2S8",2020-2021,B651-18,87
P700021-101-70000338,16776,"GC Site - Steveston Village (Richmond)","Site GC - Steveston Village (Richmond)",016776,"GC Building - Steveston Village (Richmond)","Édifice GC - Steveston Village (Richmond)",Crown-owned,"Propriété de l'État",1976,500,"Not designated","Non désigné",PAC,PAC,"12551 No. 1 Road","12551, chemin No. 1",Richmond,BC,"British Columbia",Colombie-Britannique,"V7E 1T7",2021-2022,B651-18,74
P700022-101-70000340,16649,"Surrey Taxation Data Centre Site","Site Centre des données fiscales de Surrey",016649,"Surrey Taxation Data Centre","Centre des données fiscales de Surrey",Crown-owned,"Propriété de l'État",1978,600,"Not yet evaluated","Pas encore évalué",PAC,PAC,"9755 King George Boulevard","9755, boulevard King George",Surrey,BC,"British Columbia",Colombie-Britannique,"V3T 5E1",2022-2023,B651-18,57
P700025-101-70000344,17566,"GC Site - Nanaimo","Site GC - Nanaimo",017566,"GC Building - Nanaimo","Édifice GC - Nanaimo",Crown-owned,"Propriété de l'État",1954,300,Recognized,Reconnu,PAC,PAC,"60 Front Street","60, rue Front",Nanaimo,BC,"British Columbia",Colombie-Britannique,"V9R 5H7",2021-2022,B651-18,65
P700028-101-70000348,17342,"P.L. James Place Site","Site Place P.L. James",017342,"P. L. James Place","Place P. L. James",Crown-owned,"Propriété de l'État",1952,500,"Not designated","Non désigné",PAC,PAC,"1230 Government Street","1230, rue Government",Victoria,BC,"British Columbia",Colombie-Britannique,"V8W 3M4",2019-2020,B651-18,61
P700029-101-70000349,17343,"GC Site - Victoria","Site GC - Victoria",017343,"GC Building - New Federal Building","Édifice GC - Nouvel édifice fédéral",Crown-owned,"Propriété de l'État",1966,500,"Not designated","Non désigné",PAC,PAC,"1415 Vancouver Street","1415, rue Vancouver",Victoria,BC,"British Columbia",Colombie-Britannique,"V8V 3W4",2021-2022,B651-18,61
P700030-101-70000351,18053,"GC Site - Campbell River","Site GC - Campbell River",018053,"GC Building - Federal Annex","Édifice GC - Annexe fédérale",Crown-owned,"Propriété de l'État",1962,500,"Not designated","Non désigné",PAC,PAC,"940 Alder Street","940, rue Alder","Campbell River",BC,"British Columbia",Colombie-Britannique,"V9W 2P8",2021-2022,B651-18,58
P700034-101-70000361,19933,"Takhini Complex Site","Site Complexe Takhini",103334,"Takhini Building","Édifice Takhini",Crown-owned,"Propriété de l'État",1952,300,Recognized,Reconnu,PAC,PAC,"419 Range Road","419, rue Range",Whitehorse,YT,Yukon,Yukon,"Y1A 3V1",2022-2023,B651-18,54
P700039-101-70000372,19254,"GC Site - Prince Rupert","Site GC - Prince Rupert",019254,"GC Building - Prince Rupert","Édifice GC - Prince Rupert",Crown-owned,"Propriété de l'État",1962,500,"Not designated","Non désigné",PAC,PAC,"417 2nd Avenue West","417, 2e avenue Ouest","Prince Rupert",BC,"British Columbia",Colombie-Britannique,"V8J 1G8",2022-2023,B651-18,70
P700041-101-70000376,19764,"Oxford Site","Site Oxford",019764,"Oxford Building","Édifice Oxford",Crown-owned,"Propriété de l'État",1973,500,"Not designated","Non désigné",PAC,PAC,"280 Victoria Street","280, rue Victoria","Prince George",BC,"British Columbia",Colombie-Britannique,"V2L 4X3",2020-2021,B651-18,77
P700042-101-70000377,18601,"GC Site - Kamloops","Site GC - Kamloops",018601,"GC Building - Kamloops","Édifice GC - Kamloops",Crown-owned,"Propriété de l'État",1965,300,Recognized,Reconnu,PAC,PAC,"317 Seymour Street","317, rue Seymour",Kamloops,BC,"British Columbia",Colombie-Britannique,"V2C 2E8",2021-2022,B651-18,67
P700043-101-70000379,18638,"GC Site - Kelowna","Site GC - Kelowna",018638,"GC Building - Kelowna","Édifice GC - Kelowna",Crown-owned,"Propriété de l'État",1971,400,Pending,"En attente",PAC,PAC,"471 Queensway Avenue","471, avenue Queensway",Kelowna,BC,"British Columbia",Colombie-Britannique,"V1Y 6S5",2022-2023,B651-18,59
P700050-101-70000389,16379,"GC Site - Penticton","Site GC - Penticton",016379,"GC Building - Penticton","Édifice GC - Penticton",Crown-owned,"Propriété de l'État",1961,500,"Not designated","Non désigné",PAC,PAC,"277 Winnipeg Street","277, rue Winnipeg",Penticton,BC,"British Columbia",Colombie-Britannique,"V2A 1N6",2022-2023,B651-18,81
P700051-101-70000391,18738,"GC Site - Revelstoke","Site GC - Revelstoke",018738,"GC Building - Revelstoke","Édifice GC - Revelstoke",Crown-owned,"Propriété de l'État",1971,500,"Not designated","Non désigné",PAC,PAC,"307 3rd Street West","307, 3e rue Ouest",Revelstoke,BC,"British Columbia",Colombie-Britannique,"V0E 2S0",2020-2021,B651-18,85
P700055-101-70000398,16880,"GC Site - Sinclair Centre","Site GC - Centre Sinclair",104348,"Sinclair Centre - Post Office/Winch","Centre Sinclair - Bureau de poste/Winch",Crown-owned,"Propriété de l'État",1913,200,Classified,Classé,PAC,PAC,"757 Hastings Street West","757, rue Hastings Ouest",Vancouver,BC,"British Columbia",Colombie-Britannique,"V6C 1A1",2023-2024,B651-18,58
P700055-101-70000399,16880,"GC Site - Sinclair Centre","Site GC - Centre Sinclair",104349,"Sinclair Centre - Federal Building","Centre Sinclair - Édifice fédéral",Crown-owned,"Propriété de l'État",1905,500,"Not designated","Non désigné",PAC,PAC,"757 Hastings Street West","757, rue Hastings Ouest",Vancouver,BC,"British Columbia",Colombie-Britannique,"V6C 1A1",2023-2024,B651-18,56
P700055-101-70000400,16880,"GC Site - Sinclair Centre","Site GC - Centre Sinclair",016880,"Sinclair Centre - Customs Examining Warehouse","Centre Sinclair - Entrepôt de vérification des douanes",Crown-owned,"Propriété de l'État",1986,300,Recognized,Reconnu,PAC,PAC,"757 Hastings Street West","757, rue Hastings Ouest",Vancouver,BC,"British Columbia",Colombie-Britannique,"V6C 1A1",2023-2024,B651-18,59
P700055-101-70000401,16880,"GC Site - Sinclair Centre","Site GC - Centre Sinclair",104350,"Sinclair Centre - Retail","Centre Sinclair - Commerces de détail",Crown-owned,"Propriété de l'État",1936,600,"Not yet evaluated","Pas encore évalué",PAC,PAC,"757 Hastings Street West","757, rue Hastings Ouest",Vancouver,BC,"British Columbia",Colombie-Britannique,"V6C 1A1",2023-2024,B651-18,54
P700063-101-70000410,19934,"Elijah Smith Site","Site Elijah Smith",019934,"Elijah Smith Building","Édifice Elijah Smith",Crown-owned,"Propriété de l'État",1989,600,"Not yet evaluated","Pas encore évalué",PAC,PAC,"300 Main Street","300, rue Main",Whitehorse,YT,Yukon,Yukon,"Y1A 2B5",2019-2020,B651-18,56
P700069-101-70000422,53010,"GC Site - Queen Charlotte City","Site GC - Queen Charlotte City",053010,"GC Building - Queen Charlotte City","Édifice GC - Queen Charlotte City",Crown-owned,"Propriété de l'État",1989,600,"Not yet evaluated","Pas encore évalué",PAC,PAC,"137 Bay Street","137, rue Bay","Queen Charlotte City",BC,"British Columbia",Colombie-Britannique,"V0T 1S0",2023-2024,B651-18,79
P700076-101-70000435,16649,"Surrey Taxation Data Centre Site","Site Centre des données fiscales de Surrey",104345,"Burnaby-Fraser Tax Services Office Building","Édifice à bureaux des services fiscaux de Burnaby-Fraser",Crown-owned,"Propriété de l'État",1998,600,"Not yet evaluated","Pas encore évalué",PAC,PAC,"9737 King George Boulevard","9737, boulevard King George",Surrey,BC,"British Columbia",Colombie-Britannique,"V3T 5E1",2022-2023,B651-18,61
P700077-101-70000306,28741,"GC Site - Annacis Marine Base","Site GC - Base de la marine de l'ile Annacis",028741,"GC Building - Annacis Marine Base","Édifice GC - Base de la marine de l'ile Annacis",Crown-owned,"Propriété de l'État",1998,500,"Not designated","Non désigné",PAC,PAC,"100 Annacis Parkway","100, promenade Annacis",Delta,BC,"British Columbia",Colombie-Britannique,"V3M 6A2",2022-2023,B651-18,76
P700077-102-70000437,28741,"GC Site - Annacis Marine Base","Site GC - Base de la marine de l'ile Annacis",103427,"GC Building - Annacis Island Office","Édifice GC - Bureau de l'île Annacis",Crown-owned,"Propriété de l'État",1982,600,"Not yet evaluated","Pas encore évalué",PAC,PAC,"100 Annacis Parkway","100, promenade Annacis",Delta,BC,"British Columbia",Colombie-Britannique,"V3M 6A2",2022-2023,B651-18,81
P700119-101-70001679,12389,"GC Site - Surrey","Site GC - Surrey",012389,"GC Building - Green Timbers Building 'A' - Administration","Édifice GC - Green Timbers Bâtiment 'A' - Administration",Crown-owned,"Propriété de l'État",2012,600,"Not yet evaluated","Pas encore évalué",PAC,PAC,"14200 Green Timbers Way","14200, chemin Green Timbers",Surrey,BC,"British Columbia",Colombie-Britannique,"V3T 6P3",2020-2021,B651-18,82
P700119-102-70001680,12389,"GC Site - Surrey","Site GC - Surrey",151535,"Green Timbers Building 'B' - Services and Support","Green Timbers (Bâtiment 'B' - Services et support)",Crown-owned,"Propriété de l'État",2012,600,"Not yet evaluated","Pas encore évalué",PAC,PAC,"14200 Green Timbers Way","14200, chemin Green Timbers",Surrey,BC,"British Columbia",Colombie-Britannique,"V3T 6P3",2020-2021,B651-18,90
P700119-103-70001681,12389,"GC Site - Surrey","Site GC - Surrey",151542,"Green Timbers Building 'C' - Warehouse","Green Timbers (Bâtiment 'C' - Entrepôt)",Crown-owned,"Propriété de l'État",2012,600,"Not yet evaluated","Pas encore évalué",PAC,PAC,"14200 Green Timbers Way","14200, chemin Green Timbers",Surrey,BC,"British Columbia",Colombie-Britannique,"V3T 6P3",2020-2021,B651-18,90
P700119-104-70001682,12389,"GC Site - Surrey","Site GC - Surrey",151543,"Green Timbers Building 'E' - Gatehouse","Green Timbers (Bâtiment 'E' - Guérite)",Crown-owned,"Propriété de l'État",2012,600,"Not yet evaluated","Pas encore évalué",PAC,PAC,"14200 Green Timbers Way","14200, chemin Green Timbers",Surrey,BC,"British Columbia",Colombie-Britannique,"V3T 6P3",2023-2024,B651-18,94
P700752-101-70001425,67254,"Douglas Jung Site","Site Douglas Jung",067254,"Douglas Jung Building","Immeuble Douglas Jung",Crown-owned,"Propriété de l'État",2002,600,"Not yet evaluated","Pas encore évalué",PAC,PAC,"401 Burrard Street","401, rue Burrard",Vancouver,BC,"British Columbia",Colombie-Britannique,"V6C 3R2",2019-2020,B651-18,69
S000231-101-80001580,23933,"Lionel Chevrier Site","Site Terrain de I'immeuble Lionel Chevrier",054097,"Lionel Chevrier Building","Édifice Lionel Chevrier",Crown-owned,"Propriété de l'État",1984,600,"Not yet evaluated","Pas encore évalué",ON,ON,"111 Water Street East","111, rue Water Est",Cornwall,ON,Ontario,Ontario,"K6H 6S2",2020-2021,B651-18,59
S000251-101-80001641,71883,"Library Square Site","Site Library Square",071883,"Library Square","Library Square",Crown-owned,"Propriété de l'État",1995,100,"Not applicable","N'est pas applicable",PAC,PAC,"300 West Georgia Street","300, rue West Georgia",Vancouver,BC,"British Columbia",Colombie-Britannique,"V6B 6B4",2019-2020,B651-18,69
S000271-101-80001739,32882,"Judy Lamarsh Site","Site Judy Lamarsh",032882,"Judy LaMarsh Building","Édifice Judy Lamarsh",Crown-owned,"Propriété de l'État",1984,600,"Not yet evaluated","Pas encore évalué",ON,ON,"65 William Street South","65, rue William Sud",Chatham,ON,Ontario,Ontario,"N7M 4S2",2020-2021,B651-18,77
